model_name,PC1,PC2,PC3,PC4,PC5
inj=0.0,-1.224745,-0.577251,-0.010696,-0.0,-0.0
inj=0.2,0.688088,0.924175,0.00242,-0.0,0.0
inj=0.4,-0.895296,0.861777,-0.01048,0.0,-0.0
inj=0.6,0.302273,-0.139799,0.002252,0.0,0.0
inj=0.8,-1.26661,0.164626,-0.010966,-0.0,0.0
inj=1.0,-2.128217,0.150633,0.018193,-0.0,-0.0
